filename,vendor,date,amount,ocr_text
0.jpg,Unknown,Unknown,28918.0,WALAMART ALWAYS Low PRICES_ Alwane SUPERCENTER OPEN 24 HOURS MANAGER TBA 515 986 1783 ST# 5748 OP# 00000158 TEIL14 TR# 03178 BANANAS  OOOOOOOO4011KF 0.41 Ib 0 1 Ib /0.49 0.20 FRAP 001200010451 5.48 N DISCOUNT GIVEN 57 SUBT8HNE ? 11 CASH TEND 88 CHANGE' DUE 13.8g # ITEMS SOLD 2 TCH5679 8348.6485.7828 2003 THANK VOU EOR SHOPPING WITH US NATHANIEL'BusH Your Back at Nalmart & Get 88/28918choo] st for Less. 13:12:01 Shop
1.jpg,Unknown,06-28-2014,75206.0,"TRADER JOE'$ 2001 Greenvi Ile Ave Da| Ias TX 75206 Store #403 (469) 334-0614 OPEN 8:OOAM TO 9:OOPM DAILY R-CARROTS  SHREDDED 10 0Z ERCUGDESEERUSFESTAU SAEE 8 TOMATOES   CRUSHED TOMAToES WHoLe_No S4LTOW/BASIL ORGANIC"" olo_EASHIONED OATMEAL 69 PG S#REDDEDOMGEqESELLA Lite ; EGessHREQ_edeGARIcREROHN! 8 8 BEANS ' GARBANZQ sproucebos 4ssyLEag 4ct 0 A-APPLE BAG JAZZ 2 LB A-PEPPER BELL  EACH_XL RED 98 GROCERY NON  TAXABLE 0,49 0,87 BANANAS' ORGANIC 3F4 Eo29EENut Butter 2.49 CREAMY SALTED 1.69 WHL' WHT  PITA_BREAD  ,38 GROCERY NON TAXABLE @ 0.69 838.68 SUBTOTAL 838.68 TOTAL 840 . 00 CASH 81,32 CHANGE ins Ryan ITEMS 22 12:34PM 0403 04 4398"" 4683 06-28-2014 THANK YOU FOR SHOPPING AT TRADER JOE'$ WWw traderjoes.COM"
10.jpg,Unknown,Unknown,4481240.0,"SPAR Te] 036-4481240 ela 1 bergsparetelkomsa , net VAT  No 4450102696 NLA REG  NO; KZN 032577 LAZENBY WORCESTER SAUCE   12SML 17,99 A MiLKy BAR CHOC 8OGR 16,99 SMOKED VIENNAS SOOGR 33,99 A PEALED PEACHES 40OG 82,.99 A MEDITERRANEAN MIX IKG 44,99 SPAR COOKING OiL 375ML 14,99 F/L EnGLiSH CUCUMB 1""$ 12,99 NESTLE AERO 85GR 20 ,99 CADBURY DAIRY MI BOGR 16,99 4 GRAPES  MIXED  TUB TUB 24,99 TASTIC RICE SOOGR 11,,99 BLACK CAT  SMOOTH 270GR 27,,99 CARRIER BAG 24L 1'$ 0,75 A BANANAS LOOSE 17KG 0,596kg 15,99 R /kg 9,53 TOTAL FOR 14 ITEMS 338 . 16 TENDERED Nedbank 338 . 16 TAX INVOICE VAT rate exc] TaX inc] 0,00k 119,48 0,00 119,48 15.00% 190 , 16 28,52 218,68 A SLIP TILL CASHIER DATe TIME 3780 005 101 23,02,21 16;17 CASHIER NAME: SWAZI Please Retain Slip Thank You For Shopping With Us! Fo] Iow us on Facebook : Spar Bergvi lle"
11.jpg,Unknown,Unknown,94135.0,"WHOLE FOODS fEnR Ai SHARON RD _ TORTILLA"" $ CAGE FREE ALL UHIT 3 . 69 BLack BEANS 29 Frozen Hangoes 160 99 Uho ] e Strauberries 2 . 99 0g LF coTTAGE CHEE 3 . 49 HAHi Mahi FILLETS 8 . 99 VC $2 of f (1 ) Uc Fi 00 - California Harvest 2.69 08 T6 99 [b TARE 0 | #WT PLUNS BLack cv 2. 15 ITEM 4040 NHP SLICED OVeN RO 3 , 99 NhP SLICED HICKORY 3 , 99 1 , 64 Tb 99 7b TARE 01 W [ GALA APPLES OG 3,26 ITEM 94135 Krkr Tax 93 BAL 45 . 44"
12.jpg,Unknown,Unknown,7007190.0,"WAL MART Save money. Live better. We SELL FOR LESS MANAGEr DapAVE SESSION 636 536 4601 CHESTERFIELD HQ_63005_ ST#2600 OPi' 00001855 TE  'TR# 03359 SU FIGURES 065356920144 6.63 X ToOTHBRUSH 003500055500 96 SUBTOTAL WOMEN SLIPPE 00972561,4790 9.86 SubTOTAL TAx } X00 35g01AL 8 0 18 HcARD' TEND 18 account #3546 APPRoval 7007190 Trans ID VALIdATION PayMent   SERVICE CHANGE   DUE 0.00 ITEMS SOLD 3 Tc# 9489 7094 6487 /3073/3651 dol-Hart excluelve Egales CD aval loble October 3oth! '10/20/07 13;48 ; 43 #**cUSTOHEr copyK**"
13.jpg,Unknown,Unknown,6139085.0,"I0 # M1 iswuybkcw Walmart Save money. Live better. 8443 21 0362 MANACIR MICHAEL KIGHPD 2014 $ [6Y M ORENCE S 255P sih U2/$ Cph WS 10 IV 49 IRh 0/142 Gii| CAI 08/48860413*} 50 ,OW SuDIUI A 50 . (V Tota 50.60 Casi| 60 . (U CIAMI F 10 . OC ""Stkch'  CAPL ACI IVATION E.0u ACCOUN |  613908546249/20/ N""pi: Codl 192086 RLI   H(RESTZ Dal Tvan   Ar ([ End Bial UQu Su UJ 50 . OQ 08/11[7 19: Ich Yr*1g 5843 ""28/ T0 1932 Kt Ices Yuu Cmi Wue Everv Day . (i 19 22:40 Sturer ecins 01 Yuu "" Fne Walma / Nen 49;31 ox"
14.jpg,Unknown,Unknown,8870090.0,"X"" See back of receipt for chance to win $1000 62 ID #: 7LORXAKBPJX ~"" 0*t' 3 Walmart Save money: Live better: 937 ) 644 2800 Hanasee-chrisfgssing ""9op1 555 coLexaNs_CROSSTNG Harystntie 0#ET %3""tRt 98890 STI 01695 @PHi007573 TEnz10 3.88 Equate LiNeR 068113196503 7. 48 VFis ENG Pom 0051000774 F 97 Daun ORIG 887009088# 1 F8v FGFAPE 8075353878 N LINT RoLLERz 005ii7iz3488 SubtotAL 1.25 70 tax 1 7.000 % totAL 76.60 1 DEBIT TEND 76.60 CHanGE ] DUE 0.00 'e EFT  DEBIT PayFROH PRIHARY' 26 . 60 TOTAL purchase ****] {371 5  Df. accounT Xrk* #**X RefvoRk 300030399@PPR CODE 868483 Riiet NETVORK ID _ TERMINAL #SCO10087 ODT? 05/04/17 19;54:16 4' Nip IteHS SOLD 6 Tc# 7635 0523 .2781.1061 368 05701/17 19:64:18 Store recelpts on your phone_ Valnart P ay - , { {. SM  . WJNy~ `' . aana hyicn ^~~03~d Your "";"
15.jpg,Unknown,Unknown,7603012.0,"[l6t 9f recelpt for Your Win s1000 pe} TJYYZJVOK3Y Walmart Save money. Live ol 714 799 ~18285 J;'4 hanager, 4E BLVQ WESTHS itznsbeA 7481 01626 Hiaaete8s t ""op* 0687733 Teme Ji subTodAL 2.8 jimo VISA 79E05 2.68 - ] VAga ##rt #rr #kt 3670  THT Reans 6862051 39884060 HakeAY GERvIEEL CeER E ~io AED #EZi #No ~Jot"" 07/22/16 20:63:11 change due 0,00 ITEMS SOLD 1 TCL 76030129 089 7649 116 You Can Trus= very '20;63;1 #X*cUSTOheR COPYxrt SavIngs Catcher Scan Ulth Walnart OPP 9tedv4 blov Asba; oy on  ' See back_ chance P ` ' "" ,^J {n1 ""ft 861 ~utn better. w ""TRI nic Defrovaedtt ""Bo6033073"" Lou Pr187/2z746"" Day."
16.jpg,Unknown,Unknown,7317004.0,See back of receipt for your  chance to win $1000 ID #: 7L2T9HJMZSF Walmart Save money. Live better. 701 223 3066 MANAGER TIM MORRIS 2717 ROCK ISLAND PL BISMARCK ND 58504 ST# 01534 OP# 009048 TE# 48 TR# 04455 6 WING PLATE 020108870398 3.98 ASST 21 063099656595 4.88 X CUTIE CAR 063099656644 12.88 SUBTOTAL 21.74 TAX 6.500 1.15 TAX 7.500 0.30 TOTAL 23.19 DEBIT TEND 23.19 CHANGE DUE 0.00 EFT DEBIT PAY FROM PRIMARY 23.19 TOTAL   PURCHASE US OEBIT KKii TX*x Tirx 2696 1 0 REF # 731700494718 NEIWORK Id 0081 APPR CODE 936886 IJS   DEBIT AID A0000000980840 TC 58B772390A583B44 #NO SIGNATURE REQUIRED TERMINAL # SC011090 11/13/17 12:34:04 ITEMS SOLD TC# 2188 7274 6444 1567 3762 Low Prices You Can Trust Every Day 11/13/17 12:34:11 Store receipts on vour phone Walmart P ay .
17.jpg,Unknown,Unknown,8849367.0,"See back recelpt For Your cheince r0 Uin k,8o0' Id 7KZGFISLZFF Walmart Save money: Live better_ 970 259 8755 Manager MIKE NEIDLINGER 1166 $ CaHINO dEL Rio durango Co_81303 02270 OP# 000i44 TEX 0z TR# 03080 sana833t 'Oooooooo4q11ki 76 16 Ib /0. 54 0.95 beveraGE pom 8031 {2o9373 3 88 1 STRUBRY CC 076471782200 96 CAHPARI ToH 073447501213 I 9 F KFT SINGLES 002100061626 1 44500982114 004450098211 98 hard SALAHI 020633960343 43 avocado 000000004O46KI FOR PILLS DFite 068113113619 Sh NYLON COL 007417024836 1 HanectrEeuer 884936788883 8 L SubToTAL 36 IaX 7.900 Tax 8 6. 000 i2 Tax 2.900 TotaL 38 , 68 Cash TEND 40. 68 chanGe due 2.00 ITeNS SOLd 16 TCR3041`7466 0669 7962 277 01/16/17 14;26 : 03"
18.jpg,Unknown,Unknown,4215491.0,"'eedlbk You I # walmar corn 863-318 14150) CYPRL S5 Mu"" ; MaRK M7inieprhavLGanu N3e BLVD Opm FL 27884 ~WAIER I4,36 TRH 05386 watik 007874235191 CREAT 0.98 VAI UF GRL Ai Va UE 9078/4206203 GaIN 007874206293 GAin VEG 011 003700076954 FS 007874221000 CDBR F5 Gpk 00400005o533 MIXED CHOC 003400029305 E 004000047587 GAIN 004326880012 HY 01013 /00082355 PM 035497333521H GV 202 MINI 001280051783 CRNbRy  KANCE  003620209605 SPREADS 002740026499 F FGGS 6CT 007874212709 SUBTOTAL TaX 7.000   TOTAL  . DEBTT TEND CHANGE   QUE 0.00 EF UEBTT Pay FRO4 PRIMARY 86 TOTAL PURCHASE FIFTHTHIRD   De Bit Li KKtK 9832 I 0 REF # 130400725877 NET WORK TD: 0076 APPR CODE  001740 US Debi t AID  A0ocooco042203 AAC  A8F ABF 300F007485 TERMINAL  SC01115i 10/31/21 10:08:22 ITEMS SULD 18 ICH   7563' 4623.3938.0953.,7373 Low Prices You Can Trust ; Every Dav 10/31/21 71o:08:26 Givo Iui Vov voma/isings Walmart - ~0752 Si# 03447 (KKU3G 0078/4215491 TTE 00370007700/ SNLCKFR CHERRIES RSIIEG BATTERIES"
19.jpg,Unknown,Unknown,4909886.0,"Give uS feedback @ survey Thank youl ID #: 7ODRJJ99F3X com Walmart  | 863-676-9425 Mgr ' . ., 2000 STATE 60 E LAKE WALES FL SFT; 008595OP#49098860TE4,26* TR#,02422 GRILL COVER ' 471288396027 14.97 FIBER CHOICE 036926600094 CELERY' HEART  003338365301 RED GRAPE 000000004023KF 2.48 N 2.51 Ib 1 Ib /1.44 3.61 SUBTOTAL 34.68 N TAX 7.000 % 35 05 SHOPPING CARD_TEND 35.05 CHANGE  DUE 0.00 SHOP . CARD REDEMPTION 35.05 ACCOUNT *xx*0246 Beg Bal Ant End Bal 157.29 35.05 122.24 # ITEMS SOLD IC# 6949 6652.6669.8007 1705 Low Pr ces You Can Day 10/16/21 Uc; /i "" -walnart - :EURIEL ROad 33898 12.94 TOTAL Tran Trust _ Every 11.22:45"
2.jpg,Unknown,Unknown,980840.0,Give us feedback survey.wal mart com you! ID #: ZPB65JWCFZ2 Walmart 949 498-6669 Mgr : MICHAEL 951 AVENIDA PICO SAN CLEMENTE CA 92673 ST# 02527 OP# 009045 TE# 45 TR# 06193 GV OATMEAL 007874243408 76 OT  2002 TUM 081236803115 6.74 X M ATHLETICS 019104567781 24.97 X DEXAS 15X20 008429710921 12.97 X SUBTOTAL 46. 44 TAX 7.750 % TOTAL  DEBIT TEND 49.90 CHANGE   DUE 0.00 EFT DEBIT PAY FROM PRIMARY 49.90 TOTAL PURCHASE US DEBIT LN C Krt* *tr* 9689 I REF # 029200639128 NETWORK  ID _ 0056 APPR CODE 461500 US DEBIT AD A0000000980840 AAC 7756F 4EB82B54EED TERMINAL # SC011004 10/18/20 11.30:42 ITEMS SOLD Tc# 2400 4776 4305 8847 1471 W Introducing Walmart+ Join loday #l walmar[ conplus Low Prices You Can Trust_ Every Day  10/18/20 11.30:46 Thark
3.jpg,Unknown,Unknown,9358662.0,"to uin 251800"" '""86""{e7N68f, Iviacond  chance 317 Walmart  864-1102 Hur 'JAHIE BROOKSHIRE 882 Teng, Road 96482 SPFERODOESIle3689*tR? 96976, E#; IoTS 8323173885380 2.88 8 AraccL bers 002190848816 1 8 HRI Ci E 003 {zo5os888` 6 88 8 003 VoIdeD ENTEY HRI CL Chs 0031 88 Hei Gz SG QOjI= 129696988 1 88 PEP 003120607000 EaRBUDS 0681 15100916 8 66e""GhI Ihlehpbe 8271178054 E # 1 DV 007874219410 1 Bd Ge 88i0251 li4 4 avo WVERBETtR 935866286 [003333 F H ROLLS 907874219416 DTS DRY BLON 601072-162746 GaLe qoooonoqgodzk 32. 00 BaGee sFRH 88321836211 2.74 6 5 @30 00241005 8 # G 54 Yov Saved 0"" 004400088210 Befa GV GRMS 88787323821 2 Tax SooudtaL' 139 I ""2984   1a; JeaE #GEDT TCT 0783 14E3S409303766 2496 04/27/19 2:69 : 46 Scan ulth Ualnort aPP to gave recelets See bock _"
4.jpg,Unknown,Unknown,4895502.0,"Walmart Save money. Live better. 366 MANager 33 3201 {fancr 5T HRd= 4889 8h38 c 002031 TEI @869+ 05146 Tax Itn82"" 1 deranGe"" 2i EFT   DEBIT PRIHARY TOTAL POrcERGH Taat F @2 '48955028pR COdE  087193 12/08/15 12:39;24 ITEMS SOLD 261 0323 3051 6498 MEV STORE HourS Open 6am ght week 127887fent 12: dd3i2s"" SavIngs Catcher Scan wlth Walnart APP"
5.jpg,Unknown,02/10/2021,6301107.0,WHOLE FOODS MARKET Sunnvvale SVL  408-419-1290 150 E Mc Kinley Ave Sunnyvale CA 94086 KTTL SEA SALT POT CHP $1.29 F BRAIDED BRIOCHE $6.99 F CHEF PLATE MEAL $10 2 $10.00 ea 820.00 F Subtotal 828.28 Net Sales: $28.28 Total $28.28 Sold Items: 4 Paid: RETURNS : We are now accepting returns on purchases with the fol lowing conditions: Returns wi11 only be accepted on purchases made on or after 9/15/2020 AI1 returns require a receipt No returns on items purchased after 90 days. For additional information please Visit wfm. com/returns. *xxxxxrxxxxxxxxrxrxrrr*trt*rxrxxxr*rxx Earn 5% Back at Hhole Foods Market with the Amazon Prime Rewards Visa. Learn more at amazon . COMV/amlazonvisa Xrxxrrxxxxxxxxxxxxxxxxxxxrxxx HOW WaS YOUR SHOPPING EXPERIENCE? Go to: http: / /www.wfm. COm/feedback ENTER FOR A CHANCE To WiN A $250 GIFT CARD 908 6387 02/10/2021 07:10 PM 63011070790806387021020210 6KTHQW62ZD Thanks for chonnino 9t Whole Foods Market
6.JPG,Unknown,26/01/2015,1500000.0,"MOMI & Toy's CREPERTE Lippema3g Mal 1 L VI No. momiantoys_ ind {inst @indmomi Tiwitter) Check: 3850 Pax: 1 OP : Gunawan Gunawan POS Title: Cashier Rcpt#:A15000001363 26/01/2015 16:13 1 Woman 2 Ham Cheese 74,000 Ice Java Tea 16, 000 Minera] Water 13,000 Black & White 72, 000 SUBTOTAL 175,000 TOTAL 175,000 CASH 200, 000 Change 25,000 Closed Bill =~-26/01/2015 16:14 Eiii Thank_you for tast ing our 'Meltingly Crepe' Kemang6"
7.jpg,Unknown,Unknown,7317004.0,See back of receipt for your  chance to win $1000 ID #: 7L2T9HJMZSF Walmart Save money. Live better. 701 223 3066 MANAGER TIM MORRIS 2717 ROCK ISLAND PL BISMARCK ND 58504 ST# 01534 OP# 009048 TE# 48 TR# 04455 6 WING PLATE 020108870398 3.98 ASST 21 063099656595 4.88 X CUTIE CAR 063099656644 12.88 SUBTOTAL 21.74 TAX 6.500 1.15 TAX 7.500 0.30 TOTAL 23.19 DEBIT TEND 23.19 CHANGE DUE 0.00 EFT DEBIT PAY FROM PRIMARY 23.19 TOTAL   PURCHASE US OEBIT KKii TX*x Tirx 2696 1 0 REF # 731700494718 NEIWORK Id 0081 APPR CODE 936886 IJS   DEBIT AID A0000000980840 TC 58B772390A583B44 #NO SIGNATURE REQUIRED TERMINAL # SC011090 11/13/17 12:34:04 ITEMS SOLD TC# 2188 7274 6444 1567 3762 Low Prices You Can Trust Every Day 11/13/17 12:34:11 Store receipts on vour phone Walmart P ay .
8.jpg,Unknown,Unknown,967596.0,"cexcg Thornton #629 16375 N. Washington St _ Thornton, CO 80023 2X Member 3i9 Fpszsbgreast 23.99 E 673919 FF BS 49 E 633561 KS DICED TOM 967596 JACKORGSALSA 3 @ 4.29 12.87 E 878137 18CT EGGS 77053 GRAPE TOMATO 6.29 404609 ECO HALF PAN 6.49 55992 GRND TURKEY 18. 47 E 263423 CHPD ONION 3.59 E 22101 MonT JaCK 2# 4.45 E 85.61 SUBTOTAL TaX 3.52 89 Ki xxx* TOTAL Check /Member Prntd 89.13 CHANGE 0.00 8.507 TAX 0.55 E 3.757 TaX 2.97 TOTAL TaX 3.52 TOTAL NUMBER OF ITEMS SOLD 11 '95T21P11 15;00-629 172 14 OPt; 14 Name: PEPPER Thank You! Please Come Asain Whse : 629 Trm:4 Trn;172 OP:14 2.97"
9.jpg,Unknown,Unknown,9222230.0,"Winco Eoods Ji nhv heu 4 Ru 90124 75137 er : Yol N/YORK TX GGSC 18 FS Fs 7056087677 56 FS GRND B 20167400008 DIET LN 20337400o02 DRBKSHicks 2o743coo008 9 R EYE RND Sik FP 20146200008 EYE RND 20254300000 18.28 ES BEEF FOR 20323300000 48 PORK 1/2 LOIN 4497921020 B/BEST $ 1590013401 BAR HAMEAT 'FRNK 4590001903 2.88 0/m WINCO NOODLES 7055280303 TNDRBRO""CHiR4BR 3727101318 5.98 Fs KRFT DELUXE MAC 2100065886 3.64 2 0 82 EGGO WAFFLE 3800037435 L/D NUTTY BARS 2430004120 Lid OATMEAL CRM 2430004101 LiNKS MILD 74295503660 FGfREVOFRHQUSE 9222230256 H RESERS POT  SLD 7111719300 DM SPAG SAUCE 2400052363 hunTS MANWICH 2700044212 82 DM PNAPL  CHNKY 2400000164 96 FS 98 SUNBEAN' BUNS 7763306333 1.98 MINco' SNDwCH_WT  7055200115 91 WINCO HoMo MILK 7055240600 2.48 R EGGS 7003837280 1.37 SUBTOTAL 121.92 TOTAL  TaX 00 IOTAL 121.92 40770ut4 0oo"" #incof uad"" Cockrel| Dunetny | Etor4 anca Cashl , 09/08/14 11;16.24 7045400658 26840100000 KINGS CHIGKEN '7056.096902 BLEND PICSWEET GREENS PICSHEET O06OO 268401C WiNGS CHICKEN 8 CHOP LOIN 8 STEN H STEAK"
